ID	Year	Title	Valence
2006_1	2006	Bad Day	valence-score
2006_2	2006	Temperature	valence-score
2006_3	2006	Promiscuous	valence-score
2006_4	2006	You're Beautiful	valence-score
2006_5	2006	Hips Don't Lie	valence-score
2006_6	2006	Unwritten	valence-score
2006_7	2006	Crazy	valence-score
2006_8	2006	Ridin'	valence-score
2006_9	2006	SexyBack	valence-score
2006_10	2006	Check On It	valence-score
2006_11	2006	Be Without You	valence-score
2006_12	2006	Grillz	valence-score
2006_13	2006	Over My Head (Cable Car)	valence-score
2006_14	2006	Me & U	valence-score
2006_15	2006	Buttons	valence-score
2006_16	2006	Run It!	valence-score
2006_17	2006	So Sick	valence-score
2006_18	2006	It's Goin' Down	valence-score
2006_19	2006	SOS	valence-score
2006_20	2006	I Write Sins Not Tragedies	valence-score
2006_21	2006	Move Along	valence-score
2006_22	2006	London Bridge	valence-score
2006_23	2006	Dani California	valence-score
2006_24	2006	Snap Yo Fingers	valence-score
2006_25	2006	Lean Wit It, Rock Wit It	valence-score
2006_26	2006	What Hurts The Most	valence-score
2006_27	2006	How To Save A Life	valence-score
2006_28	2006	Unfaithful	valence-score
2006_29	2006	Chasing Cars	valence-score
2006_30	2006	Lips Of An Angel	valence-score
2006_31	2006	Everytime We Touch	valence-score
2006_32	2006	Ain't No Other Man	valence-score
2006_33	2006	Dance, Dance	valence-score
2006_34	2006	Gold Digger	valence-score
2006_35	2006	Money Maker	valence-score
2006_36	2006	Ms. New Booty	valence-score
2006_37	2006	(When You Gonna) Give It Up To Me	valence-score
2006_38	2006	Photograph	valence-score
2006_39	2006	Because Of You	valence-score
2006_40	2006	Stickwitu	valence-score
2006_41	2006	I'm N Luv (Wit A Stripper)	valence-score
2006_42	2006	My Humps	valence-score
2006_43	2006	Where'd You Go	valence-score
2006_44	2006	Yo (Excuse Me Miss)	valence-score
2006_45	2006	Walk Away	valence-score
2006_46	2006	Laffy Taffy	valence-score
2006_47	2006	What You Know	valence-score
2006_48	2006	Dirty Little Secret	valence-score
2006_49	2006	Savin' Me	valence-score
2006_50	2006	Don't Forget About Us	valence-score
2006_51	2006	Sexy Love	valence-score
2006_52	2006	U And Dat	valence-score
2006_53	2006	Far Away	valence-score
2006_54	2006	What's Left Of Me	valence-score
2006_55	2006	So What	valence-score
2006_56	2006	Do It To It	valence-score
2006_57	2006	Black Horse & The Cherry Tree	valence-score
2006_58	2006	There It Go! (The Whistle Song)	valence-score
2006_59	2006	Shoulder Lean	valence-score
2006_60	2006	Unpredictable	valence-score
2006_61	2006	My Love	valence-score
2006_62	2006	Shake That	valence-score
2006_63	2006	Pullin' Me Back	valence-score
2006_64	2006	Bossy	valence-score
2006_65	2006	Chain Hang Low	valence-score
2006_66	2006	Smack That	valence-score
2006_67	2006	One Wish	valence-score
2006_68	2006	Sugar, We're Goin' Down	valence-score
2006_69	2006	Gimme That	valence-score
2006_70	2006	I Know You See It	valence-score
2006_71	2006	Who Says You Can't Go Home	valence-score
2006_72	2006	Too Little Too Late	valence-score
2006_73	2006	Touch It	valence-score
2006_74	2006	Rompe	valence-score
2006_75	2006	Deja Vu	valence-score
2006_76	2006	Life Is A Highway	valence-score
2006_77	2006	Call Me When You're Sober	valence-score
2006_78	2006	Jesus, Take The Wheel	valence-score
2006_79	2006	Show Stopper	valence-score
2006_80	2006	Get Up	valence-score
2006_81	2006	We Be Burnin'	valence-score
2006_82	2006	Hate Me	valence-score
2006_83	2006	You And Me	valence-score
2006_84	2006	Beep	valence-score
2006_85	2006	I Think They Like Me	valence-score
2006_86	2006	Say Goodbye	valence-score
2006_87	2006	Waiting On The World To Change	valence-score
2006_88	2006	Soul Survivor	valence-score
2006_89	2006	Pump It	valence-score
2006_90	2006	When I'm Gone	valence-score
2006_91	2006	Hung Up	valence-score
2006_92	2006	Stay Fly	valence-score
2006_93	2006	Love	valence-score
2006_94	2006	When You're Mad	valence-score
2006_95	2006	Why You Wanna	valence-score
2006_96	2006	Stupid Girls	valence-score
2006_97	2006	Feel Good Inc	valence-score
2006_98	2006	I'm Sprung	valence-score
2006_99	2006	Do I Make You Proud	valence-score
2006_100	2006	For You I Will (Confidence)	valence-score
2007_1	2007	Irreplaceable	valence-score
2007_2	2007	Umbrella	valence-score
2007_3	2007	The Sweet Escape	valence-score
2007_4	2007	Big Girls Don't Cry	valence-score
2007_5	2007	Buy U A Drank (Shawty Snappin')	valence-score
2007_6	2007	Before He Cheats	valence-score
2007_7	2007	Hey There Delilah	valence-score
2007_8	2007	I Wanna Love You	valence-score
2007_9	2007	Say It Right	valence-score
2007_10	2007	Glamorous	valence-score
2007_11	2007	Don't Matter	valence-score
2007_12	2007	Girlfriend	valence-score
2007_13	2007	Makes Me Wonder	valence-score
2007_14	2007	Party Like A Rockstar	valence-score
2007_15	2007	Smack That	valence-score
2007_16	2007	This Is Why I'm Hot	valence-score
2007_17	2007	It's Not Over	valence-score
2007_18	2007	The Way I Are	valence-score
2007_19	2007	Fergalicious	valence-score
2007_20	2007	Crank That (Soulja Boy)	valence-score
2007_21	2007	Give It To Me	valence-score
2007_22	2007	What Goes Around...Comes Around	valence-score
2007_23	2007	Cupid's Chokehold/Breakfast In America	valence-score
2007_24	2007	How To Save A Life	valence-score
2007_25	2007	Home	valence-score
2007_26	2007	My Love	valence-score
2007_27	2007	Stronger	valence-score
2007_28	2007	We Fly High	valence-score
2007_29	2007	U + Ur Hand	valence-score
2007_30	2007	Walk It Out	valence-score
2007_31	2007	Beautiful Girls	valence-score
2007_32	2007	This Ain't A Scene, It's An Arms Race	valence-score
2007_33	2007	Bartender	valence-score
2007_34	2007	Pop, Lock & Drop It	valence-score
2007_35	2007	Runaway Love	valence-score
2007_36	2007	Rockstar	valence-score
2007_37	2007	Thnks Fr Th Mmrs	valence-score
2007_38	2007	What I've Done	valence-score
2007_39	2007	Summer Love	valence-score
2007_40	2007	You	valence-score
2007_41	2007	Wait For You	valence-score
2007_42	2007	Last Night	valence-score
2007_43	2007	Make It Rain	valence-score
2007_44	2007	Make Me Better	valence-score
2007_45	2007	Ice Box	valence-score
2007_46	2007	Lips Of An Angel	valence-score
2007_47	2007	Waiting On The World To Change	valence-score
2007_48	2007	Lost Without U	valence-score
2007_49	2007	I'm A Flirt	valence-score
2007_50	2007	If Everyone Cared	valence-score
2007_51	2007	Get It Shawty	valence-score
2007_52	2007	Face Down	valence-score
2007_53	2007	The Way I Live	valence-score
2007_54	2007	Shortie Like Mine	valence-score
2007_55	2007	It Ends Tonight	valence-score
2007_56	2007	A Bay Bay	valence-score
2007_57	2007	Because Of You	valence-score
2007_58	2007	I Tried	valence-score
2007_59	2007	Welcome To The Black Parade	valence-score
2007_60	2007	Shawty	valence-score
2007_61	2007	Chasing Cars	valence-score
2007_62	2007	Beautiful Liar	valence-score
2007_63	2007	SexyBack	valence-score
2007_64	2007	Keep Holding On	valence-score
2007_65	2007	Let It Go	valence-score
2007_66	2007	Apologize	valence-score
2007_67	2007	Bubbly	valence-score
2007_68	2007	Like A Boy	valence-score
2007_69	2007	Who Knew	valence-score
2007_70	2007	Never Again	valence-score
2007_71	2007	Promise	valence-score
2007_72	2007	Bed	valence-score
2007_73	2007	Throw Some D's	valence-score
2007_74	2007	Rehab	valence-score
2007_75	2007	Big Things Poppin' (Do It)	valence-score
2007_76	2007	No One	valence-score
2007_77	2007	The Great Escape	valence-score
2007_78	2007	2 Step	valence-score
2007_79	2007	Walk Away (Remember Me)	valence-score
2007_80	2007	Go Getta	valence-score
2007_81	2007	Here (In Your Arms)	valence-score
2007_82	2007	On The Hotline	valence-score
2007_83	2007	Wind It Up	valence-score
2007_84	2007	Cyclone	valence-score
2007_85	2007	Break It Off	valence-score
2007_86	2007	First Time	valence-score
2007_87	2007	Ayo Technology	valence-score
2007_88	2007	Outta My System	valence-score
2007_89	2007	Teardrops On My Guitar	valence-score
2007_90	2007	Shut Up And Drive	valence-score
2007_91	2007	Snow ((Hey Oh))	valence-score
2007_92	2007	Money Maker	valence-score
2007_93	2007	Kiss Kiss	valence-score
2007_94	2007	Far Away	valence-score
2007_95	2007	Rock Yo Hips	valence-score
2007_96	2007	LoveStoned	valence-score
2007_97	2007	Better Than Me	valence-score
2007_98	2007	Paralyzer	valence-score
2007_99	2007	That's That	valence-score
2007_100	2007	Same Girl	valence-score
2008_1	2008	Low	valence-score
2008_2	2008	Bleeding Love	valence-score
2008_3	2008	No One	valence-score
2008_4	2008	Lollipop	valence-score
2008_5	2008	Apologize	valence-score
2008_6	2008	No Air	valence-score
2008_7	2008	Love Song	valence-score
2008_8	2008	Love In This Club	valence-score
2008_9	2008	With You	valence-score
2008_10	2008	Forever	valence-score
2008_11	2008	Sexy Can I	valence-score
2008_12	2008	Take A Bow	valence-score
2008_13	2008	Viva La Vida	valence-score
2008_14	2008	I Kissed A Girl	valence-score
2008_15	2008	Whatever You Like	valence-score
2008_16	2008	Disturbia	valence-score
2008_17	2008	Don't Stop The Music	valence-score
2008_18	2008	Pocketful Of Sunshine	valence-score
2008_19	2008	Kiss Kiss	valence-score
2008_20	2008	Closer	valence-score
2008_21	2008	Bubbly	valence-score
2008_22	2008	Touch My Body	valence-score
2008_23	2008	4 Minutes	valence-score
2008_24	2008	So What	valence-score
2008_25	2008	Paralyzer	valence-score
2008_26	2008	Clumsy	valence-score
2008_27	2008	I'm Yours	valence-score
2008_28	2008	Leavin'	valence-score
2008_29	2008	Dangerous	valence-score
2008_30	2008	Tattoo	valence-score
2008_31	2008	See You Again	valence-score
2008_32	2008	Shake It	valence-score
2008_33	2008	Stop And Stare	valence-score
2008_34	2008	Take You There	valence-score
2008_35	2008	Paper Planes	valence-score
2008_36	2008	Hot N Cold	valence-score
2008_37	2008	Live Your Life	valence-score
2008_38	2008	Bust It Baby Part 2	valence-score
2008_39	2008	American Boy	valence-score
2008_40	2008	Got Money	valence-score
2008_41	2008	Our Song	valence-score
2008_42	2008	Damaged	valence-score
2008_43	2008	A Milli	valence-score
2008_44	2008	Sorry	valence-score
2008_45	2008	Independent	valence-score
2008_46	2008	Can't Believe It	valence-score
2008_47	2008	Like You'll Never See Me Again	valence-score
2008_48	2008	Teardrops On My Guitar	valence-score
2008_49	2008	When I Grow Up	valence-score
2008_50	2008	Sensual Seduction	valence-score
2008_51	2008	What You Got	valence-score
2008_52	2008	It's Not My Time	valence-score
2008_53	2008	Better In Time	valence-score
2008_54	2008	Crank That (Soulja Boy)	valence-score
2008_55	2008	Shadow Of The Day	valence-score
2008_56	2008	Sweetest Girl (Dollar Bill)	valence-score
2008_57	2008	Miss Independent	valence-score
2008_58	2008	Fall For You	valence-score
2008_59	2008	In The Ayer	valence-score
2008_60	2008	Say	valence-score
2008_61	2008	One Step At A Time	valence-score
2008_62	2008	Hate That I Love You	valence-score
2008_63	2008	Superstar	valence-score
2008_64	2008	Suffocate	valence-score
2008_65	2008	Let It Rock	valence-score
2008_66	2008	Get Like Me	valence-score
2008_67	2008	Realize	valence-score
2008_68	2008	Put On	valence-score
2008_69	2008	The Time Of My Life	valence-score
2008_70	2008	Lolli Lolli (Pop That Body)	valence-score
2008_71	2008	Cyclone	valence-score
2008_72	2008	Love Like This	valence-score
2008_73	2008	Burnin' Up	valence-score
2008_74	2008	Love Lockdown	valence-score
2008_75	2008	I Luv Your Girl	valence-score
2008_76	2008	Crush	valence-score
2008_77	2008	Hypnotized	valence-score
2008_78	2008	Big Girls Don't Cry	valence-score
2008_79	2008	Good Life	valence-score
2008_80	2008	Womanizer	valence-score
2008_81	2008	Love Story	valence-score
2008_82	2008	Just Fine	valence-score
2008_83	2008	Piece Of Me	valence-score
2008_84	2008	The Boss	valence-score
2008_85	2008	All Summer Long	valence-score
2008_86	2008	Can't Help But Wait	valence-score
2008_87	2008	In Love With A Girl	valence-score
2008_88	2008	My Life	valence-score
2008_89	2008	I Remember	valence-score
2008_90	2008	Flashing Lights	valence-score
2008_91	2008	Mrs. Officer	valence-score
2008_92	2008	7 Things	valence-score
2008_93	2008	You're Gonna Miss This	valence-score
2008_94	2008	Love Remains The Same	valence-score
2008_95	2008	Feels Like Tonight	valence-score
2008_96	2008	The Way I Are	valence-score
2008_97	2008	Addicted	valence-score
2008_98	2008	Into The Night	valence-score
2008_99	2008	Heaven Sent	valence-score
2008_100	2008	She Got It	valence-score
2009_1	2009	Boom Boom Pow	valence-score
2009_2	2009	Poker Face	valence-score
2009_3	2009	Just Dance	valence-score
2009_4	2009	I Gotta Feeling	valence-score
2009_5	2009	Love Story	valence-score
2009_6	2009	Right Round	valence-score
2009_7	2009	I'm Yours	valence-score
2009_8	2009	Single Ladies (Put A Ring On It)	valence-score
2009_9	2009	Heartless	valence-score
2009_10	2009	Gives You Hell	valence-score
2009_11	2009	You Belong With Me	valence-score
2009_12	2009	Dead And Gone	valence-score
2009_13	2009	You Found Me	valence-score
2009_14	2009	Use Somebody	valence-score
2009_15	2009	Knock You Down	valence-score
2009_16	2009	Blame It	valence-score
2009_17	2009	I Know You Want Me (Calle Ocho)	valence-score
2009_18	2009	Live Your Life	valence-score
2009_19	2009	Kiss Me Thru The Phone	valence-score
2009_20	2009	Down	valence-score
2009_21	2009	The Climb	valence-score
2009_22	2009	Best I Ever Had	valence-score
2009_23	2009	My Life Would Suck Without You	valence-score
2009_24	2009	Halo	valence-score
2009_25	2009	Hot N Cold	valence-score
2009_26	2009	Second Chance	valence-score
2009_27	2009	Circus	valence-score
2009_28	2009	Day 'N' Nite	valence-score
2009_29	2009	Party In The U.S.A.	valence-score
2009_30	2009	Don't Trust Me	valence-score
2009_31	2009	Run This Town	valence-score
2009_32	2009	Let It Rock	valence-score
2009_33	2009	Fire Burning	valence-score
2009_34	2009	Whatcha Say	valence-score
2009_35	2009	LoveGame	valence-score
2009_36	2009	Waking Up In Vegas	valence-score
2009_37	2009	Birthday Sex	valence-score
2009_38	2009	Sober	valence-score
2009_39	2009	Womanizer	valence-score
2009_40	2009	Whatever You Like	valence-score
2009_41	2009	Obsessed	valence-score
2009_42	2009	Mad	valence-score
2009_43	2009	Good Girls Go Bad	valence-score
2009_44	2009	Love Lockdown	valence-score
2009_45	2009	So What	valence-score
2009_46	2009	Hotel Room Service	valence-score
2009_47	2009	Crack A Bottle	valence-score
2009_48	2009	If I Were A Boy	valence-score
2009_49	2009	Turnin Me On	valence-score
2009_50	2009	I Hate This Part	valence-score
2009_51	2009	Gotta Be Somebody	valence-score
2009_52	2009	Please Don't Leave Me	valence-score
2009_53	2009	Paparazzi	valence-score
2009_54	2009	Beautiful	valence-score
2009_55	2009	Viva La Vida	valence-score
2009_56	2009	Right Now (Na Na Na)	valence-score
2009_57	2009	Battlefield	valence-score
2009_58	2009	Sugar	valence-score
2009_59	2009	Miss Independent	valence-score
2009_60	2009	Fireflies	valence-score
2009_61	2009	New Divide	valence-score
2009_62	2009	Empire State Of Mind	valence-score
2009_63	2009	No Surprise	valence-score
2009_64	2009	She Wolf	valence-score
2009_65	2009	Break Up	valence-score
2009_66	2009	Sweet Dreams	valence-score
2009_67	2009	Every Girl	valence-score
2009_68	2009	Fallin' For You	valence-score
2009_69	2009	Untouched	valence-score
2009_70	2009	If Today Was Your Last Day	valence-score
2009_71	2009	Throw It In The Bag	valence-score
2009_72	2009	Love Drunk	valence-score
2009_73	2009	I Love College	valence-score
2009_74	2009	If U Seek Amy	valence-score
2009_75	2009	Big Green Tractor	valence-score
2009_76	2009	White Horse	valence-score
2009_77	2009	Disturbia	valence-score
2009_78	2009	21 Guns	valence-score
2009_79	2009	Turn My Swag On	valence-score
2009_80	2009	Rockin' That Thang	valence-score
2009_81	2009	Chicken Fried	valence-score
2009_82	2009	Diva	valence-score
2009_83	2009	Replay	valence-score
2009_84	2009	Then	valence-score
2009_85	2009	Her Diamonds	valence-score
2009_86	2009	How Do You Sleep?	valence-score
2009_87	2009	3	valence-score
2009_88	2009	Forever	valence-score
2009_89	2009	One Time	valence-score
2009_90	2009	I Run To You	valence-score
2009_91	2009	I Do Not Hook Up	valence-score
2009_92	2009	Green Light	valence-score
2009_93	2009	People Are Crazy	valence-score
2009_94	2009	Whatever It Is	valence-score
2009_95	2009	Already Gone	valence-score
2009_96	2009	Goodbye	valence-score
2009_97	2009	Say Hey (I Love You)	valence-score
2009_98	2009	Pop Champagne	valence-score
2009_99	2009	Pretty Wings	valence-score
2009_100	2009	Never Say Never	valence-score
2010_1	2010	TiK ToK	valence-score
2010_2	2010	Need You Now	valence-score
2010_3	2010	Hey, Soul Sister	valence-score
2010_4	2010	California Gurls	valence-score
2010_5	2010	OMG	valence-score
2010_6	2010	Airplanes	valence-score
2010_7	2010	Love The Way You Lie	valence-score
2010_8	2010	Bad Romance	valence-score
2010_9	2010	Dynamite	valence-score
2010_10	2010	Break Your Heart	valence-score
2010_11	2010	Nothin' On You	valence-score
2010_12	2010	I Like It	valence-score
2010_13	2010	BedRock	valence-score
2010_14	2010	In My Head	valence-score
2010_15	2010	Rude Boy	valence-score
2010_16	2010	Telephone	valence-score
2010_17	2010	Teenage Dream	valence-score
2010_18	2010	Just The Way You Are	valence-score
2010_19	2010	Cooler Than Me	valence-score
2010_20	2010	Imma Be	valence-score
2010_21	2010	Empire State Of Mind	valence-score
2010_22	2010	DJ Got Us Fallin' In Love	valence-score
2010_23	2010	Billionaire	valence-score
2010_24	2010	Not Afraid	valence-score
2010_25	2010	Replay	valence-score
2010_26	2010	Sexy Chick	valence-score
2010_27	2010	Breakeven	valence-score
2010_28	2010	Your Love Is My Drug	valence-score
2010_29	2010	I Gotta Feeling	valence-score
2010_30	2010	Fireflies	valence-score
2010_31	2010	Say Aah	valence-score
2010_32	2010	Find Your Love	valence-score
2010_33	2010	Alejandro	valence-score
2010_34	2010	Ridin' Solo	valence-score
2010_35	2010	Just A Dream	valence-score
2010_36	2010	How Low	valence-score
2010_37	2010	Like A G6	valence-score
2010_38	2010	Carry Out	valence-score
2010_39	2010	Haven't Met You Yet	valence-score
2010_40	2010	Club Can't Handle Me	valence-score
2010_41	2010	Down	valence-score
2010_42	2010	Bulletproof	valence-score
2010_43	2010	Whatcha Say	valence-score
2010_44	2010	Baby	valence-score
2010_45	2010	Whataya Want From Me	valence-score
2010_46	2010	Mine	valence-score
2010_47	2010	Only Girl (In The World)	valence-score
2010_48	2010	Live Like We're Dying	valence-score
2010_49	2010	Hard	valence-score
2010_50	2010	Young Forever	valence-score
2010_51	2010	Blah Blah Blah	valence-score
2010_52	2010	Bottoms Up	valence-score
2010_53	2010	Do You Remember	valence-score
2010_54	2010	All The Right Moves	valence-score
2010_55	2010	According To You	valence-score
2010_56	2010	My Chick Bad	valence-score
2010_57	2010	You Belong With Me	valence-score
2010_58	2010	Meet Me Halfway	valence-score
2010_59	2010	Take It Off	valence-score
2010_60	2010	Over	valence-score
2010_61	2010	Animal	valence-score
2010_62	2010	Misery	valence-score
2010_63	2010	Magic	valence-score
2010_64	2010	Paparazzi	valence-score
2010_65	2010	Tie Me Down	valence-score
2010_66	2010	Your Love	valence-score
2010_67	2010	Party In The U.S.A.	valence-score
2010_68	2010	Deuces	valence-score
2010_69	2010	3	valence-score
2010_70	2010	Impossible	valence-score
2010_71	2010	Forever	valence-score
2010_72	2010	Two Is Better Than One	valence-score
2010_73	2010	My First Kiss	valence-score
2010_74	2010	Already Gone	valence-score
2010_75	2010	Rock That Body	valence-score
2010_76	2010	Secrets	valence-score
2010_77	2010	Naturally	valence-score
2010_78	2010	Un-Thinkable (I'm Ready)	valence-score
2010_79	2010	All I Do Is Win	valence-score
2010_80	2010	I Made It (Cash Money Heroes)	valence-score
2010_81	2010	Stuck Like Glue	valence-score
2010_82	2010	Hey Daddy (Daddy's Home)	valence-score
2010_83	2010	There Goes My Baby	valence-score
2010_84	2010	Today Was A Fairytale	valence-score
2010_85	2010	Say Something	valence-score
2010_86	2010	Sweet Dreams	valence-score
2010_87	2010	Use Somebody	valence-score
2010_88	2010	Undo It	valence-score
2010_89	2010	Eenie Meenie	valence-score
2010_90	2010	Right Above It	valence-score
2010_91	2010	The House That Built Me	valence-score
2010_92	2010	If I Die Young	valence-score
2010_93	2010	The Only Exception	valence-score
2010_94	2010	American Honey	valence-score
2010_95	2010	King Of Anything	valence-score
2010_96	2010	Life After You	valence-score
2010_97	2010	Smile	valence-score
2010_98	2010	Teach Me How To Dougie	valence-score
2010_99	2010	Try Sleeping With A Broken Heart	valence-score
2010_100	2010	Lover, Lover	valence-score
2011_1	2011	Rolling In The Deep	valence-score
2011_2	2011	Party Rock Anthem	valence-score
2011_3	2011	Firework	valence-score
2011_4	2011	E.T.	valence-score
2011_5	2011	Give Me Everything	valence-score
2011_6	2011	Grenade	valence-score
2011_7	2011	Super Bass	valence-score
2011_8	2011	Moves Like Jagger	valence-score
2011_9	2011	Just Can't Get Enough	valence-score
2011_10	2011	On The Floor	valence-score
2011_11	2011	S&M	valence-score
2011_12	2011	Pumped Up Kicks	valence-score
2011_13	2011	Last Friday Night (T.G.I.F.)	valence-score
2011_14	2011	Just The Way You Are	valence-score
2011_15	2011	Tonight (I'm Lovin' You)	valence-score
2011_16	2011	Raise Your Glass	valence-score
2011_17	2011	Born This Way	valence-score
2011_18	2011	F**kin' Perfect	valence-score
2011_19	2011	What's My Name?	valence-score
2011_20	2011	Look At Me Now	valence-score
2011_21	2011	Down On Me	valence-score
2011_22	2011	How To Love	valence-score
2011_23	2011	Someone Like You	valence-score
2011_24	2011	Good Life	valence-score
2011_25	2011	The Lazy Song	valence-score
2011_26	2011	Till The World Ends	valence-score
2011_27	2011	The Show Goes On	valence-score
2011_28	2011	The Edge Of Glory	valence-score
2011_29	2011	We R Who We R	valence-score
2011_30	2011	Black And Yellow	valence-score
2011_31	2011	Tonight Tonight	valence-score
2011_32	2011	Blow	valence-score
2011_33	2011	Lighters	valence-score
2011_34	2011	If I Die Young	valence-score
2011_35	2011	Stereo Hearts	valence-score
2011_36	2011	The Time (Dirty Bit)	valence-score
2011_37	2011	Coming Home	valence-score
2011_38	2011	Hey Baby (Drop It To The Floor)	valence-score
2011_39	2011	Only Girl (In The World)	valence-score
2011_40	2011	6 Foot 7 Foot	valence-score
2011_41	2011	Just A Kiss	valence-score
2011_42	2011	Dirt Road Anthem	valence-score
2011_43	2011	Dynamite	valence-score
2011_44	2011	No Hands	valence-score
2011_45	2011	I Wanna Go	valence-score
2011_46	2011	I'm On One	valence-score
2011_47	2011	You Make Me Feel...	valence-score
2011_48	2011	Yeah 3X	valence-score
2011_49	2011	Moment 4 Life	valence-score
2011_50	2011	I Need A Doctor	valence-score
2011_51	2011	Just A Dream	valence-score
2011_52	2011	Motivation	valence-score
2011_53	2011	Stereo Love	valence-score
2011_54	2011	Jar Of Hearts	valence-score
2011_55	2011	Roll Up	valence-score
2011_56	2011	Sexy And I Know It	valence-score
2011_57	2011	Rocketeer	valence-score
2011_58	2011	All Of The Lights	valence-score
2011_59	2011	Hold It Against Me	valence-score
2011_60	2011	More	valence-score
2011_61	2011	What The Hell	valence-score
2011_62	2011	Written In The Stars	valence-score
2011_63	2011	Bottoms Up	valence-score
2011_64	2011	DJ Got Us Fallin' In Love	valence-score
2011_65	2011	For The First Time	valence-score
2011_66	2011	Honey Bee	valence-score
2011_67	2011	Don't You Wanna Stay	valence-score
2011_68	2011	We Found Love	valence-score
2011_69	2011	Pretty Girl Rock	valence-score
2011_70	2011	You And I	valence-score
2011_71	2011	Like A G6	valence-score
2011_72	2011	Without You	valence-score
2011_73	2011	Back To December	valence-score
2011_74	2011	Teenage Dream	valence-score
2011_75	2011	Crazy Girl	valence-score
2011_76	2011	Cheers (Drink To That)	valence-score
2011_77	2011	Who Says	valence-score
2011_78	2011	Barefoot Blue Jean Night	valence-score
2011_79	2011	Knee Deep	valence-score
2011_80	2011	Country Girl (Shake It For Me)	valence-score
2011_81	2011	Remind Me	valence-score
2011_82	2011	In The Dark	valence-score
2011_83	2011	Backseat	valence-score
2011_84	2011	Headlines	valence-score
2011_85	2011	Best Thing I Never Had	valence-score
2011_86	2011	Don't Wanna Go Home	valence-score
2011_87	2011	Where Them Girls At	valence-score
2011_88	2011	She Ain't You	valence-score
2011_89	2011	Take A Back Road	valence-score
2011_90	2011	Please Don't Go	valence-score
2011_91	2011	Sure Thing	valence-score
2011_92	2011	Price Tag	valence-score
2011_93	2011	God Gave Me You	valence-score
2011_94	2011	She Will	valence-score
2011_95	2011	Are You Gonna Kiss Me Or Not	valence-score
2011_96	2011	Animal	valence-score
2011_97	2011	You And Tequila	valence-score
2011_98	2011	Colder Weather	valence-score
2011_99	2011	My Last	valence-score
2012_1	2012	Somebody That I Used To Know	valence-score
2012_2	2012	Call Me Maybe	valence-score
2012_3	2012	We Are Young	valence-score
2012_4	2012	Payphone	valence-score
2012_5	2012	Lights	valence-score
2012_6	2012	Glad You Came	valence-score
2012_7	2012	Stronger (What Doesn't Kill You)	valence-score
2012_8	2012	We Found Love	valence-score
2012_9	2012	Starships	valence-score
2012_10	2012	What Makes You Beautiful	valence-score
2012_11	2012	Wild Ones	valence-score
2012_12	2012	Set Fire To The Rain	valence-score
2012_13	2012	Sexy And I Know It	valence-score
2012_14	2012	Some Nights	valence-score
2012_15	2012	Wide Awake	valence-score
2012_16	2012	Good Feeling	valence-score
2012_17	2012	Whistle	valence-score
2012_18	2012	One More Night	valence-score
2012_19	2012	Drive By	valence-score
2012_20	2012	The Motto	valence-score
2012_21	2012	Where Have You Been	valence-score
2012_22	2012	Everybody Talks	valence-score
2012_23	2012	Take Care	valence-score
2012_24	2012	Titanium	valence-score
2012_25	2012	I Won't Give Up	valence-score
2012_26	2012	It Will Rain	valence-score
2012_27	2012	Mercy	valence-score
2012_28	2012	Boyfriend	valence-score
2012_29	2012	Party Rock Anthem	valence-score
2012_30	2012	Too Close	valence-score
2012_31	2012	Part Of Me	valence-score
2012_32	2012	Young, Wild & Free	valence-score
2012_33	2012	We Are Never Ever Getting Back Together	valence-score
2012_34	2012	As Long As You Love Me	valence-score
2012_35	2012	Turn Me On	valence-score
2012_36	2012	Moves Like Jagger	valence-score
2012_37	2012	Blow Me (One Last Kiss)	valence-score
2012_38	2012	Good Time	valence-score
2012_39	2012	Give Your Heart A Break	valence-score
2012_40	2012	Ni**as in Paris	valence-score
2012_41	2012	The One That Got Away	valence-score
2012_42	2012	Feel So Close	valence-score
2012_43	2012	Someone Like You	valence-score
2012_44	2012	Scream	valence-score
2012_45	2012	Rack City	valence-score
2012_46	2012	Domino	valence-score
2012_47	2012	Gangnam Style	valence-score
2012_48	2012	International Love	valence-score
2012_49	2012	Home	valence-score
2012_50	2012	Without You	valence-score
2012_51	2012	Ass Back Home	valence-score
2012_52	2012	Wanted	valence-score
2012_53	2012	Drunk On You	valence-score
2012_54	2012	No Lie	valence-score
2012_55	2012	Want U Back	valence-score
2012_56	2012	Don't Wake Me Up	valence-score
2012_57	2012	Dance (A$$)	valence-score
2012_58	2012	Springsteen	valence-score
2012_59	2012	Brokenhearted	valence-score
2012_60	2012	Not Over You	valence-score
2012_61	2012	Stereo Hearts	valence-score
2012_62	2012	Back In Time	valence-score
2012_63	2012	Work Out	valence-score
2012_64	2012	Rumour Has It	valence-score
2012_65	2012	Let's Go	valence-score
2012_66	2012	Good Girl	valence-score
2012_67	2012	Pontoon	valence-score
2012_68	2012	Ho Hey	valence-score
2012_69	2012	Paradise	valence-score
2012_70	2012	Blown Away	valence-score
2012_71	2012	Rolling In The Deep	valence-score
2012_72	2012	Climax	valence-score
2012_73	2012	Work Hard, Play Hard	valence-score
2012_74	2012	Let Me Love You (Until You Learn To Love Yourself)	valence-score
2012_75	2012	Pound The Alarm	valence-score
2012_76	2012	Come Over	valence-score
2012_77	2012	Heart Attack	valence-score
2012_78	2012	Drank In My Cup	valence-score
2012_79	2012	Birthday Cake	valence-score
2012_80	2012	So Good	valence-score
2012_81	2012	50 Ways To Say Goodbye	valence-score
2012_82	2012	Red Solo Cup	valence-score
2012_83	2012	Love You Like A Love Song	valence-score
2012_84	2012	Turn Up The Music	valence-score
2012_85	2012	Die Young	valence-score
2012_86	2012	5 O'Clock	valence-score
2012_87	2012	A Thousand Years	valence-score
2012_88	2012	Take A Little Ride	valence-score
2012_89	2012	You Da One	valence-score
2012_90	2012	We Run The Night	valence-score
2012_91	2012	It's Time	valence-score
2012_92	2012	Cashin' Out	valence-score
2012_93	2012	I Don't Want This Night To End	valence-score
2012_94	2012	Diamonds	valence-score
2012_95	2012	Hard To Love	valence-score
2012_96	2012	Somethin' 'Bout A Truck	valence-score
2012_97	2012	Adorn	valence-score
2012_98	2012	Fly Over States	valence-score
2012_99	2012	Even If It Breaks Your Heart	valence-score
2012_100	2012	Burn It Down	valence-score
2013_1	2013	Thrift Shop	valence-score
2013_2	2013	Blurred Lines	valence-score
2013_3	2013	Radioactive	valence-score
2013_4	2013	Harlem Shake	valence-score
2013_5	2013	Can't Hold Us	valence-score
2013_6	2013	Mirrors	valence-score
2013_7	2013	Just Give Me A Reason	valence-score
2013_8	2013	When I Was Your Man	valence-score
2013_9	2013	Cruise	valence-score
2013_10	2013	Roar	valence-score
2013_11	2013	Locked Out Of Heaven	valence-score
2013_12	2013	Ho Hey	valence-score
2013_13	2013	Stay	valence-score
2013_14	2013	Get Lucky	valence-score
2013_15	2013	Royals	valence-score
2013_16	2013	I Knew You Were Trouble.	valence-score
2013_17	2013	We Can't Stop	valence-score
2013_18	2013	Wrecking Ball	valence-score
2013_19	2013	Wake Me Up!	valence-score
2013_20	2013	Suit & Tie	valence-score
2013_21	2013	Cups (Pitch Perfect's When I'm Gone)	valence-score
2013_22	2013	Holy Grail	valence-score
2013_23	2013	Scream & Shout	valence-score
2013_24	2013	Clarity	valence-score
2013_25	2013	Sail	valence-score
2013_26	2013	Don't You Worry Child	valence-score
2013_27	2013	Diamonds	valence-score
2013_28	2013	I Love It	valence-score
2013_29	2013	Safe And Sound	valence-score
2013_30	2013	Treasure	valence-score
2013_31	2013	The Way	valence-score
2013_32	2013	Started From The Bottom	valence-score
2013_33	2013	Come & Get It	valence-score
2013_34	2013	Hold On, We're Going Home	valence-score
2013_35	2013	Daylight	valence-score
2013_36	2013	Feel This Moment	valence-score
2013_37	2013	Applause	valence-score
2013_38	2013	One More Night	valence-score
2013_39	2013	Love Me	valence-score
2013_40	2013	My Songs Know What You Did In The Dark (Light Em Up)	valence-score
2013_41	2013	F**kin Problems	valence-score
2013_42	2013	Beauty And A Beat	valence-score
2013_43	2013	Same Love	valence-score
2013_44	2013	Sweet Nothing	valence-score
2013_45	2013	Summertime Sadness	valence-score
2013_46	2013	Home	valence-score
2013_47	2013	It's Time	valence-score
2013_48	2013	Power Trip	valence-score
2013_49	2013	Girl On Fire	valence-score
2013_50	2013	Heart Attack	valence-score
2013_51	2013	Love Somebody	valence-score
2013_52	2013	I Will Wait	valence-score
2013_53	2013	Try	valence-score
2013_54	2013	Wagon Wheel	valence-score
2013_55	2013	Gangnam Style	valence-score
2013_56	2013	I Need Your Love	valence-score
2013_57	2013	Die Young	valence-score
2013_58	2013	Some Nights	valence-score
2013_59	2013	Bad	valence-score
2013_60	2013	Boys 'round Here	valence-score
2013_61	2013	Gone, Gone, Gone	valence-score
2013_62	2013	Demons	valence-score
2013_63	2013	Counting Stars	valence-score
2013_64	2013	I Cry	valence-score
2013_65	2013	Little Talks	valence-score
2013_66	2013	The Other Side	valence-score
2013_67	2013	Berzerk	valence-score
2013_68	2013	Catch My Breath	valence-score
2013_69	2013	Crash My Party	valence-score
2013_70	2013	Pour It Up	valence-score
2013_71	2013	22	valence-score
2013_72	2013	I Want Crazy	valence-score
2013_73	2013	The Fox	valence-score
2013_74	2013	Best Song Ever	valence-score
2013_75	2013	The A Team	valence-score
2013_76	2013	Carry On	valence-score
2013_77	2013	Highway Don't Care	valence-score
2013_78	2013	That's My Kind Of Night	valence-score
2013_79	2013	Swimming Pools (Drank)	valence-score
2013_80	2013	Sure Be Cool If You Did	valence-score
2013_81	2013	#Beautiful	valence-score
2013_82	2013	Troublemaker	valence-score
2013_83	2013	Body Party	valence-score
2013_84	2013	Adorn	valence-score
2013_85	2013	Hall Of Fame	valence-score
2013_86	2013	Let Me Love You (Until You Learn To Love Yourself)	valence-score
2013_87	2013	U.O.E.N.O.	valence-score
2013_88	2013	Next To Me	valence-score
2013_89	2013	Mama's Broken Heart	valence-score
2013_90	2013	It Goes Like This	valence-score
2013_91	2013	Bugatti	valence-score
2013_92	2013	Wanted	valence-score
2013_93	2013	Downtown	valence-score
2013_94	2013	Get Your Shine On	valence-score
2013_95	2013	#thatPOWER	valence-score
2013_96	2013	Brave	valence-score
2013_97	2013	Let Her Go	valence-score
2013_98	2013	Runnin' Outta Moonlight	valence-score
2013_99	2013	I'm Different	valence-score
2013_100	2013	Still Into You	valence-score
2014_1	2014	Happy	valence-score
2014_2	2014	Dark Horse	valence-score
2014_3	2014	All Of Me	valence-score
2014_4	2014	Fancy	valence-score
2014_5	2014	Counting Stars	valence-score
2014_6	2014	Talk Dirty	valence-score
2014_7	2014	Rude	valence-score
2014_8	2014	All About That Bass	valence-score
2014_9	2014	Problem	valence-score
2014_10	2014	Stay With Me	valence-score
2014_11	2014	Timber	valence-score
2014_12	2014	Pompeii	valence-score
2014_13	2014	Shake It Off	valence-score
2014_14	2014	Am I Wrong	valence-score
2014_15	2014	Turn Down For What	valence-score
2014_16	2014	The Monster	valence-score
2014_17	2014	Say Something	valence-score
2014_18	2014	Team	valence-score
2014_19	2014	Let Her Go	valence-score
2014_20	2014	Royals	valence-score
2014_21	2014	Let It Go	valence-score
2014_22	2014	Wake Me Up!	valence-score
2014_23	2014	Demons	valence-score
2014_24	2014	Story Of My Life	valence-score
2014_25	2014	Chandelier	valence-score
2014_26	2014	Black Widow	valence-score
2014_27	2014	Bang Bang	valence-score
2014_28	2014	Latch	valence-score
2014_29	2014	Maps	valence-score
2014_30	2014	Loyal	valence-score
2014_31	2014	Best Day Of My Life	valence-score
2014_32	2014	Habits (Stay High)	valence-score
2014_33	2014	Summer	valence-score
2014_34	2014	Boom Clap	valence-score
2014_35	2014	Drunk In Love	valence-score
2014_36	2014	Anaconda	valence-score
2014_37	2014	Break Free	valence-score
2014_38	2014	Bailando	valence-score
2014_39	2014	Burn	valence-score
2014_40	2014	Wiggle	valence-score
2014_41	2014	Rather Be	valence-score
2014_42	2014	Don't Tell 'Em	valence-score
2014_43	2014	Show Me	valence-score
2014_44	2014	Wrecking Ball	valence-score
2014_45	2014	Not A Bad Thing	valence-score
2014_46	2014	Roar	valence-score
2014_47	2014	Ain't It Fun	valence-score
2014_48	2014	The Man	valence-score
2014_49	2014	This Is How We Roll	valence-score
2014_50	2014	Classic	valence-score
2014_51	2014	A Sky Full Of Stars	valence-score
2014_52	2014	Don't	valence-score
2014_53	2014	Na Na	valence-score
2014_54	2014	Hot Boy	valence-score
2014_55	2014	Hold On, We're Going Home	valence-score
2014_56	2014	Sing	valence-score
2014_57	2014	Radioactive	valence-score
2014_58	2014	My Hitta	valence-score
2014_59	2014	Cool Kids	valence-score
2014_60	2014	Hey Brother	valence-score
2014_61	2014	Trumpets	valence-score
2014_62	2014	Animals	valence-score
2014_63	2014	Burnin' It Down	valence-score
2014_64	2014	Play It Again	valence-score
2014_65	2014	2 On	valence-score
2014_66	2014	Dirt	valence-score
2014_67	2014	Love Runs Out	valence-score
2014_68	2014	Bottoms Up	valence-score
2014_69	2014	Shower	valence-score
2014_70	2014	Me And My Broken Heart	valence-score
2014_71	2014	Animals	valence-score
2014_72	2014	Lifestyle	valence-score
2014_73	2014	American Kids	valence-score
2014_74	2014	Brave	valence-score
2014_75	2014	Sweater Weather	valence-score
2014_76	2014	Leave The Night On	valence-score
2014_77	2014	New Flame	valence-score
2014_78	2014	Love Never Felt So Good	valence-score
2014_79	2014	Drunk On A Plane	valence-score
2014_80	2014	Birthday	valence-score
2014_81	2014	Bartender	valence-score
2014_82	2014	La La La	valence-score
2014_83	2014	Blurred Lines	valence-score
2014_84	2014	Do What U Want	valence-score
2014_85	2014	Can't Remember To Forget You	valence-score
2014_86	2014	Amnesia	valence-score
2014_87	2014	No Mediocre	valence-score
2014_88	2014	Come With Me Now	valence-score
2014_89	2014	Believe Me	valence-score
2014_90	2014	23	valence-score
2014_91	2014	Beachin'	valence-score
2014_92	2014	White Walls	valence-score
2014_93	2014	She Looks So Perfect	valence-score
2014_94	2014	Stay The Night	valence-score
2014_95	2014	Partition	valence-score
2014_96	2014	Studio	valence-score
2014_97	2014	0 To 100 / The Catch Up	valence-score
2014_98	2014	I Don't Dance	valence-score
2014_99	2014	Somethin' Bad	valence-score
2014_100	2014	Adore You	valence-score
2015_1	2015	Uptown Funk!	valence-score
2015_2	2015	Thinking Out Loud	valence-score
2015_3	2015	See You Again	valence-score
2015_4	2015	Trap Queen	valence-score
2015_5	2015	Sugar	valence-score
2015_6	2015	Shut Up And Dance	valence-score
2015_7	2015	Blank Space	valence-score
2015_8	2015	Watch Me	valence-score
2015_9	2015	Earned It (Fifty Shades Of Grey)	valence-score
2015_10	2015	The Hills	valence-score
2015_11	2015	Cheerleader	valence-score
2015_12	2015	Can't Feel My Face	valence-score
2015_13	2015	Love Me Like You Do	valence-score
2015_14	2015	Take Me To Church	valence-score
2015_15	2015	Bad Blood	valence-score
2015_16	2015	Lean On	valence-score
2015_17	2015	Want To Want Me	valence-score
2015_18	2015	Shake It Off	valence-score
2015_19	2015	Where Are U Now	valence-score
2015_20	2015	Fight Song	valence-score
2015_21	2015	679	valence-score
2015_22	2015	Lips Are Movin	valence-score
2015_23	2015	Worth It	valence-score
2015_24	2015	Post To Be	valence-score
2015_25	2015	Honey, I'm Good.	valence-score
2015_26	2015	I'm Not The Only One	valence-score
2015_27	2015	Good For You	valence-score
2015_28	2015	All About That Bass	valence-score
2015_29	2015	Style	valence-score
2015_30	2015	Hotline Bling	valence-score
2015_31	2015	Hey Mama	valence-score
2015_32	2015	G.D.F.R.	valence-score
2015_33	2015	What Do You Mean?	valence-score
2015_34	2015	Photograph	valence-score
2015_35	2015	Hello	valence-score
2015_36	2015	Stitches	valence-score
2015_37	2015	Talking Body	valence-score
2015_38	2015	Jealous	valence-score
2015_39	2015	Time Of Our Lives	valence-score
2015_40	2015	Locked Away	valence-score
2015_41	2015	Somebody	valence-score
2015_42	2015	FourFiveSeconds	valence-score
2015_43	2015	Centuries	valence-score
2015_44	2015	My Way	valence-score
2015_45	2015	Take Your Time	valence-score
2015_46	2015	Animals	valence-score
2015_47	2015	I Don't F**k With You	valence-score
2015_48	2015	B**** Better Have My Money	valence-score
2015_49	2015	Flex (Ooh Ooh Ooh)	valence-score
2015_50	2015	Nasty Freestyle	valence-score
2015_51	2015	Only	valence-score
2015_52	2015	Elastic Heart	valence-score
2015_53	2015	Cool For The Summer	valence-score
2015_54	2015	Renegades	valence-score
2015_55	2015	I Don't Mind	valence-score
2015_56	2015	Love Me Harder	valence-score
2015_57	2015	Wildest Dreams	valence-score
2015_58	2015	Stay With Me	valence-score
2015_59	2015	You Know You Like It	valence-score
2015_60	2015	Uma Thurman	valence-score
2015_61	2015	7/11	valence-score
2015_62	2015	The Heart Wants What It Wants	valence-score
2015_63	2015	Girl Crush	valence-score
2015_64	2015	Slow Motion	valence-score
2015_65	2015	Drag Me Down	valence-score
2015_66	2015	Truffle Butter	valence-score
2015_67	2015	One Last Time	valence-score
2015_68	2015	Chains	valence-score
2015_69	2015	All Eyes On You	valence-score
2015_70	2015	No Type	valence-score
2015_71	2015	Riptide	valence-score
2015_72	2015	Classic Man	valence-score
2015_73	2015	Ex's & Oh's	valence-score
2015_74	2015	Dear Future Husband	valence-score
2015_75	2015	Marvin Gaye	valence-score
2015_76	2015	Like I'm Gonna Lose You	valence-score
2015_77	2015	Habits (Stay High)	valence-score
2015_78	2015	The Hanging Tree	valence-score
2015_79	2015	CoCo	valence-score
2015_80	2015	Bang Bang	valence-score
2015_81	2015	Lay Me Down	valence-score
2015_82	2015	Tuesday	valence-score
2015_83	2015	Hit The Quan	valence-score
2015_84	2015	Downtown	valence-score
2015_85	2015	House Party	valence-score
2015_86	2015	Ayo	valence-score
2015_87	2015	Kick The Dust Up	valence-score
2015_88	2015	Blessings	valence-score
2015_89	2015	Budapest	valence-score
2015_90	2015	Chandelier	valence-score
2015_91	2015	Heartbeat Song	valence-score
2015_92	2015	Don't	valence-score
2015_93	2015	Ghost	valence-score
2015_94	2015	Here	valence-score
2015_95	2015	Waves	valence-score
2015_96	2015	El Perdon (Forgiveness)	valence-score
2015_97	2015	She Knows	valence-score
2015_98	2015	Night Changes	valence-score
2015_99	2015	Back To Back	valence-score
2015_100	2015	How Deep Is Your Love	valence-score
2016_1	2016	Love Yourself	valence-score
2016_2	2016	Sorry	valence-score
2016_3	2016	One Dance	valence-score
2016_4	2016	Work	valence-score
2016_5	2016	Stressed Out	valence-score
2016_6	2016	Panda	valence-score
2016_7	2016	Hello	valence-score
2016_8	2016	Don't Let Me Down	valence-score
2016_9	2016	Can't Stop The Feeling!	valence-score
2016_10	2016	Closer	valence-score
2016_11	2016	Cheap Thrills	valence-score
2016_12	2016	7 Years	valence-score
2016_13	2016	Needed Me	valence-score
2016_14	2016	My House	valence-score
2016_15	2016	I Took A Pill In Ibiza	valence-score
2016_16	2016	Work From Home	valence-score
2016_17	2016	This Is What You Came For	valence-score
2016_18	2016	Cake By The Ocean	valence-score
2016_19	2016	Me, Myself & I	valence-score
2016_20	2016	Ride	valence-score
2016_21	2016	Heathens	valence-score
2016_22	2016	Pillowtalk	valence-score
2016_23	2016	Stitches	valence-score
2016_24	2016	Hotline Bling	valence-score
2016_25	2016	Cold Water	valence-score
2016_26	2016	Send My Love (To Your New Lover)	valence-score
2016_27	2016	Roses	valence-score
2016_28	2016	Treat You Better	valence-score
2016_29	2016	Too Good	valence-score
2016_30	2016	Low Life	valence-score
2016_31	2016	What Do You Mean?	valence-score
2016_32	2016	The Hills	valence-score
2016_33	2016	Just Like Fire	valence-score
2016_34	2016	Broccoli	valence-score
2016_35	2016	Don't	valence-score
2016_36	2016	Dangerous Woman	valence-score
2016_37	2016	Jumpman	valence-score
2016_38	2016	I Hate U I Love U	valence-score
2016_39	2016	Here	valence-score
2016_40	2016	Same Old Love	valence-score
2016_41	2016	Controlla	valence-score
2016_42	2016	Like I'm Gonna Lose You	valence-score
2016_43	2016	One Call Away	valence-score
2016_44	2016	Let It Go	valence-score
2016_45	2016	No	valence-score
2016_46	2016	Never Forget You	valence-score
2016_47	2016	Let Me Love You	valence-score
2016_48	2016	Don't Mind	valence-score
2016_49	2016	H.O.L.Y.	valence-score
2016_50	2016	We Don't Talk Anymore	valence-score
2016_51	2016	Into You	valence-score
2016_52	2016	Gold	valence-score
2016_53	2016	Exchange	valence-score
2016_54	2016	679	valence-score
2016_55	2016	Oui	valence-score
2016_56	2016	Hands To Myself	valence-score
2016_57	2016	2 Phones	valence-score
2016_58	2016	Starboy	valence-score
2016_59	2016	For Free	valence-score
2016_60	2016	Never Be Like You	valence-score
2016_61	2016	In The Night	valence-score
2016_62	2016	Me Too	valence-score
2016_63	2016	Ex's & Oh's	valence-score
2016_64	2016	Die A Happy Man	valence-score
2016_65	2016	White Iverson	valence-score
2016_66	2016	Close	valence-score
2016_67	2016	Unsteady	valence-score
2016_68	2016	Sucker For Pain	valence-score
2016_69	2016	Down In The DM	valence-score
2016_70	2016	Luv	valence-score
2016_71	2016	Sorry	valence-score
2016_72	2016	Can't Feel My Face	valence-score
2016_73	2016	Hymn For The Weekend	valence-score
2016_74	2016	Say It	valence-score
2016_75	2016	Antidote	valence-score
2016_76	2016	Lost Boy	valence-score
2016_77	2016	Side To Side	valence-score
2016_78	2016	Sit Still, Look Pretty	valence-score
2016_79	2016	Wildest Dreams	valence-score
2016_80	2016	Middle	valence-score
2016_81	2016	On My Mind	valence-score
2016_82	2016	Pop Style	valence-score
2016_83	2016	When We Were Young	valence-score
2016_84	2016	Hide Away	valence-score
2016_85	2016	Lean On	valence-score
2016_86	2016	I Know What You Did Last Summer	valence-score
2016_87	2016	Watch Me	valence-score
2016_88	2016	Back To Sleep	valence-score
2016_89	2016	No Limit	valence-score
2016_90	2016	Cut It	valence-score
2016_91	2016	Really Really	valence-score
2016_92	2016	All In My Head (Flex)	valence-score
2016_93	2016	Starving	valence-score
2016_94	2016	Adventure Of A Lifetime	valence-score
2016_95	2016	Humble And Kind	valence-score
2016_96	2016	Wicked	valence-score
2016_97	2016	Tiimmy Turner	valence-score
2016_98	2016	See You Again	valence-score
2016_99	2016	Perfect	valence-score
2017_1	2017	Shape Of You	valence-score
2017_2	2017	Despacito	valence-score
2017_3	2017	That's What I Like	valence-score
2017_4	2017	Humble.	valence-score
2017_5	2017	Something Just Like This	valence-score
2017_6	2017	Bad And Boujee	valence-score
2017_7	2017	Closer	valence-score
2017_8	2017	Body Like A Back Road	valence-score
2017_9	2017	Believer	valence-score
2017_10	2017	Congratulations	valence-score
2017_11	2017	Say You Won't Let Go	valence-score
2017_12	2017	I'm The One	valence-score
2017_13	2017	XO TOUR Llif3	valence-score
2017_14	2017	Mask Off	valence-score
2017_15	2017	Unforgettable	valence-score
2017_16	2017	24K Magic	valence-score
2017_17	2017	Stay	valence-score
2017_18	2017	Wild Thoughts	valence-score
2017_19	2017	Black Beatles	valence-score
2017_20	2017	Starboy	valence-score
2017_21	2017	Location	valence-score
2017_22	2017	Attention	valence-score
2017_23	2017	There's Nothing Holdin' Me Back	valence-score
2017_24	2017	Bodak Yellow (Money Moves)	valence-score
2017_25	2017	Redbone	valence-score
2017_26	2017	I Don't Wanna Live Forever (Fifty Shades Darker)	valence-score
2017_27	2017	It Ain't Me	valence-score
2017_28	2017	iSpy	valence-score
2017_29	2017	Issues	valence-score
2017_30	2017	Scars To Your Beautiful	valence-score
2017_31	2017	1-800-273-8255	valence-score
2017_32	2017	Slow Hands	valence-score
2017_33	2017	Love On The Brain	valence-score
2017_34	2017	I Feel It Coming	valence-score
2017_35	2017	Bounce Back	valence-score
2017_36	2017	Strip That Down	valence-score
2017_37	2017	Fake Love	valence-score
2017_38	2017	Don't Wanna Know	valence-score
2017_39	2017	Look What You Made Me Do	valence-score
2017_40	2017	Castle On The Hill	valence-score
2017_41	2017	Bad Things	valence-score
2017_42	2017	Paris	valence-score
2017_43	2017	Side To Side	valence-score
2017_44	2017	Rockabye	valence-score
2017_45	2017	Feel It Still	valence-score
2017_46	2017	Let Me Love You	valence-score
2017_47	2017	Sorry Not Sorry	valence-score
2017_48	2017	Bank Account	valence-score
2017_49	2017	Can't Stop The Feeling!	valence-score
2017_50	2017	Mi Gente	valence-score
2017_51	2017	Thunder	valence-score
2017_52	2017	T-Shirt	valence-score
2017_53	2017	Rake It Up	valence-score
2017_54	2017	Mercy	valence-score
2017_55	2017	Tunnel Vision	valence-score
2017_56	2017	Rockstar	valence-score
2017_57	2017	In Case You Didn't Know	valence-score
2017_58	2017	Heathens	valence-score
2017_59	2017	Now Or Never	valence-score
2017_60	2017	Caroline	valence-score
2017_61	2017	Rolex	valence-score
2017_62	2017	DNA.	valence-score
2017_63	2017	Juju On That Beat (TZ Anthem)	valence-score
2017_64	2017	Swang	valence-score
2017_65	2017	Passionfruit	valence-score
2017_66	2017	Loyalty.	valence-score
2017_67	2017	Praying	valence-score
2017_68	2017	Goosebumps	valence-score
2017_69	2017	Cold	valence-score
2017_70	2017	Broccoli	valence-score
2017_71	2017	Slide	valence-score
2017_72	2017	What Ifs	valence-score
2017_73	2017	Chained To The Rhythm	valence-score
2017_74	2017	Feels	valence-score
2017_75	2017	All Time Low	valence-score
2017_76	2017	Hurricane	valence-score
2017_77	2017	Too Good At Goodbyes	valence-score
2017_78	2017	Young Dumb & Broke	valence-score
2017_79	2017	Magnolia	valence-score
2017_80	2017	Love Galore	valence-score
2017_81	2017	Drowning	valence-score
2017_82	2017	Starving	valence-score
2017_83	2017	Both	valence-score
2017_84	2017	What About Us	valence-score
2017_85	2017	Swalla	valence-score
2017_86	2017	Slippery	valence-score
2017_87	2017	Sign Of The Times	valence-score
2017_88	2017	Water Under The Bridge	valence-score
2017_89	2017	Malibu	valence-score
2017_90	2017	Down	valence-score
2017_91	2017	No Promises	valence-score
2017_92	2017	Treat You Better	valence-score
2017_93	2017	I Get The Bag	valence-score
2017_94	2017	Small Town Boy	valence-score
2017_95	2017	Everyday We Lit	valence-score
2017_96	2017	Havana	valence-score
2017_97	2017	What Lovers Do	valence-score
2017_98	2017	Do Re Mi	valence-score
2017_99	2017	Look At Me!	valence-score
2017_100	2017	The Fighter	valence-score
2018_1	2018	God's Plan	valence-score
2018_2	2018	Perfect	valence-score
2018_3	2018	Meant To Be	valence-score
2018_4	2018	Havana	valence-score
2018_5	2018	Rockstar	valence-score
2018_6	2018	Psycho	valence-score
2018_7	2018	I Like It	valence-score
2018_8	2018	The Middle	valence-score
2018_9	2018	In My Feelings	valence-score
2018_10	2018	Girls Like You	valence-score
2018_11	2018	Nice For What	valence-score
2018_12	2018	Lucid Dreams	valence-score
2018_13	2018	Better Now	valence-score
2018_14	2018	Finesse	valence-score
2018_15	2018	Boo'd Up	valence-score
2018_16	2018	New Rules	valence-score
2018_17	2018	Sad!	valence-score
2018_18	2018	Never Be The Same	valence-score
2018_19	2018	Love Lies	valence-score
2018_20	2018	No Tears Left To Cry	valence-score
2018_21	2018	Mine	valence-score
2018_22	2018	Thunder	valence-score
2018_23	2018	Look Alive	valence-score
2018_24	2018	Delicate	valence-score
2018_25	2018	Yes Indeed	valence-score
2018_26	2018	Friends	valence-score
2018_27	2018	Bad At Love	valence-score
2018_28	2018	Taste	valence-score
2018_29	2018	Let You Down	valence-score
2018_30	2018	No Limit	valence-score
2018_31	2018	FEFE	valence-score
2018_32	2018	Tequila	valence-score
2018_33	2018	Feel It Still	valence-score
2018_34	2018	MotorSport	valence-score
2018_35	2018	I Like Me Better	valence-score
2018_36	2018	Youngblood	valence-score
2018_37	2018	Whatever It Takes	valence-score
2018_38	2018	Ric Flair Drip	valence-score
2018_39	2018	I Fall Apart	valence-score
2018_40	2018	Pray For Me	valence-score
2018_41	2018	Back To You	valence-score
2018_42	2018	Sicko Mode	valence-score
2018_43	2018	Walk It Talk It	valence-score
2018_44	2018	Gucci Gang	valence-score
2018_45	2018	Him & I	valence-score
2018_46	2018	In My Blood	valence-score
2018_47	2018	All The Stars	valence-score
2018_48	2018	Stir Fry	valence-score
2018_49	2018	Too Good At Goodbyes	valence-score
2018_50	2018	Love.	valence-score
2018_51	2018	This Is America	valence-score
2018_52	2018	Nonstop	valence-score
2018_53	2018	Heaven	valence-score
2018_54	2018	Bodak Yellow (Money Moves)	valence-score
2018_55	2018	Freaky Friday	valence-score
2018_56	2018	Gummo	valence-score
2018_57	2018	Plug Walk	valence-score
2018_58	2018	Wait	valence-score
2018_59	2018	Be Careful	valence-score
2018_60	2018	Wolves	valence-score
2018_61	2018	Bartier Cardi	valence-score
2018_62	2018	God Is A Woman	valence-score
2018_63	2018	Big Bank	valence-score
2018_64	2018	Sorry Not Sorry	valence-score
2018_65	2018	How Long	valence-score
2018_66	2018	Lights Down Low	valence-score
2018_67	2018	Young Dumb & Broke	valence-score
2018_68	2018	One Kiss	valence-score
2018_69	2018	Natural	valence-score
2018_70	2018	You Make It Easy	valence-score
2018_71	2018	Shape Of You	valence-score
2018_72	2018	I Get The Bag	valence-score
2018_73	2018	No Brainer	valence-score
2018_74	2018	Plain Jane	valence-score
2018_75	2018	Sky Walker	valence-score
2018_76	2018	Marry Me	valence-score
2018_77	2018	Eastside	valence-score
2018_78	2018	Call Out My Name	valence-score
2018_79	2018	King's Dead	valence-score
2018_80	2018	Happier	valence-score
2018_81	2018	Te Bote	valence-score
2018_82	2018	Simple	valence-score
2018_83	2018	Lemon	valence-score
2018_84	2018	1-800-273-8255	valence-score
2018_85	2018	Say Something	valence-score
2018_86	2018	I'm Upset	valence-score
2018_87	2018	Get Along	valence-score
2018_88	2018	Moonlight	valence-score
2018_89	2018	What Lovers Do	valence-score
2018_90	2018	X	valence-score
2018_91	2018	Outside Today	valence-score
2018_92	2018	Trip	valence-score
2018_93	2018	Dura	valence-score
2018_94	2018	Changes	valence-score
2018_95	2018	Mercy	valence-score
2018_96	2018	One Number Away	valence-score
2018_97	2018	Powerglide	valence-score
2018_98	2018	IDGAF	valence-score
2018_99	2018	Mi Gente	valence-score
2018_100	2018	Believer	valence-score
2019_1	2019	Old Town Road	valence-score
2019_2	2019	Sunflower (Spider-Man: Into The Spider-Verse)	valence-score
2019_3	2019	Without Me	valence-score
2019_4	2019	Bad Guy	valence-score
2019_5	2019	Wow.	valence-score
2019_6	2019	Happier	valence-score
2019_7	2019	7 Rings	valence-score
2019_8	2019	Talk	valence-score
2019_9	2019	Sicko Mode	valence-score
2019_10	2019	Sucker	valence-score
2019_11	2019	High Hopes	valence-score
2019_12	2019	Thank U, Next	valence-score
2019_13	2019	Truth Hurts	valence-score
2019_14	2019	Dancing With A Stranger	valence-score
2019_15	2019	Senorita	valence-score
2019_16	2019	I Don't Care	valence-score
2019_17	2019	Eastside	valence-score
2019_18	2019	Going Bad	valence-score
2019_19	2019	Shallow	valence-score
2019_20	2019	Better	valence-score
2019_21	2019	No Guidance	valence-score
2019_22	2019	Girls Like You	valence-score
2019_23	2019	Sweet But Psycho	valence-score
2019_24	2019	Suge	valence-score
2019_25	2019	Middle Child	valence-score
2019_26	2019	Drip Too Hard	valence-score
2019_27	2019	Someone You Loved	valence-score
2019_28	2019	Ran$om	valence-score
2019_29	2019	If I Can't Have You	valence-score
2019_30	2019	Goodbyes	valence-score
2019_31	2019	ZEZE	valence-score
2019_32	2019	Better Now	valence-score
2019_33	2019	Youngblood	valence-score
2019_34	2019	Money In The Grave	valence-score
2019_35	2019	Speechless	valence-score
2019_36	2019	Break Up With Your Girlfriend, I'm Bored	valence-score
2019_37	2019	Please Me	valence-score
2019_38	2019	Money	valence-score
2019_39	2019	You Need To Calm Down	valence-score
2019_40	2019	Panini	valence-score
2019_41	2019	Look Back At It	valence-score
2019_42	2019	A Lot	valence-score
2019_43	2019	ME!	valence-score
2019_44	2019	MIA	valence-score
2019_45	2019	Pop Out	valence-score
2019_46	2019	Beautiful Crazy	valence-score
2019_47	2019	Thotiana	valence-score
2019_48	2019	Lucid Dreams	valence-score
2019_49	2019	Mo Bamba	valence-score
2019_50	2019	Beautiful People	valence-score
2019_51	2019	Wake Up In The Sky	valence-score
2019_52	2019	Whiskey Glasses	valence-score
2019_53	2019	God's Country	valence-score
2019_54	2019	Be Alright	valence-score
2019_55	2019	Pure Water	valence-score
2019_56	2019	The Git Up	valence-score
2019_57	2019	Taki Taki	valence-score
2019_58	2019	Close To Me	valence-score
2019_59	2019	Envy Me	valence-score
2019_60	2019	You Say	valence-score
2019_61	2019	Hey Look Ma, I Made It	valence-score
2019_62	2019	Circles	valence-score
2019_63	2019	Beer Never Broke My Heart	valence-score
2019_64	2019	The London	valence-score
2019_65	2019	Con Calma	valence-score
2019_66	2019	Murder On My Mind	valence-score
2019_67	2019	When The Party's Over	valence-score
2019_68	2019	Act Up	valence-score
2019_69	2019	I Like It	valence-score
2019_70	2019	Trampoline	valence-score
2019_71	2019	Leave Me Alone	valence-score
2019_72	2019	Breathin	valence-score
2019_73	2019	Bury A Friend	valence-score
2019_74	2019	Close Friends	valence-score
2019_75	2019	Baby Shark	valence-score
2019_76	2019	My Type	valence-score
2019_77	2019	Worth It	valence-score
2019_78	2019	Only Human	valence-score
2019_79	2019	Knockin' Boots	valence-score
2019_80	2019	Trip	valence-score
2019_81	2019	Rumor	valence-score
2019_82	2019	Swervin	valence-score
2019_83	2019	How Do You Sleep?	valence-score
2019_84	2019	Baby	valence-score
2019_85	2019	Look What God Gave Her	valence-score
2019_86	2019	Good As You	valence-score
2019_87	2019	Clout	valence-score
2019_88	2019	Love Lies	valence-score
2019_89	2019	One Thing Right	valence-score
2019_90	2019	Cash Shit	valence-score
2019_91	2019	Tequila	valence-score
2019_92	2019	Shotta Flow	valence-score
2019_93	2019	Hot Girl Summer	valence-score
2019_94	2019	Talk You Out Of It	valence-score
2019_95	2019	Beautiful	valence-score
2019_96	2019	Eyes On You	valence-score
2019_97	2019	All To Myself	valence-score
2019_98	2019	Boyfriend	valence-score
2019_99	2019	Walk Me Home	valence-score
2019_100	2019	Robbery	valence-score